State,Year,Geopolitical_Zone,Turnout_%,Governor_Party,Incumbent_Party,National_Security_Incidents,Jonathan_Votes,Jonathan_%,Buhari_Votes,Buhari_%,Atiku_Votes,Atiku_%,Tinubu_Votes,Tinubu_%,Obi_Votes,Obi_%,Kwankwaso_Votes,Kwankwaso_%,Others_Votes,Others_%,Total_Valid_Votes
Abia,2011,South-East,53.68,PDP,PDP,283,1175984.0,99.19,3743.0,0.32,,,,,,,,,5847.0,0.49,1185574.0
Adamawa,2011,North-East,53.68,PDP,PDP,283,508314.0,57.22,344526.0,38.78,,,,,,,,,35492.0,4.0,888332.0
Akwa Ibom,2011,South-South,53.68,PDP,PDP,283,1165629.0,94.99,5348.0,0.44,,,,,,,,,56148.0,4.58,1227125.0
Anambra,2011,South-East,53.68,APGA,PDP,283,1145169.0,99.24,4223.0,0.37,,,,,,,,,4512.0,0.39,1153904.0
Bauchi,2011,North-East,53.68,PDP,PDP,283,258404.0,16.16,1315209.0,82.25,,,,,,,,,25451.0,1.59,1599064.0
Bayelsa,2011,South-South,53.68,PDP,PDP,283,504811.0,99.76,691.0,0.14,,,,,,,,,506.0,0.1,506008.0
Benue,2011,North-Central,53.68,PDP,PDP,283,694776.0,67.06,109680.0,10.59,,,,,,,,,231599.0,22.35,1036055.0
Borno,2011,North-East,53.68,ANPP,PDP,283,207075.0,17.83,909763.0,78.32,,,,,,,,,44812.0,3.86,1161650.0
Cross River,2011,South-South,53.68,PDP,PDP,283,709382.0,98.42,4002.0,0.56,,,,,,,,,7360.0,1.02,720744.0
Delta,2011,South-South,53.68,PDP,PDP,283,1378851.0,98.23,8960.0,0.64,,,,,,,,,15856.0,1.13,1403667.0
Ebonyi,2011,South-East,53.68,PDP,PDP,283,480592.0,96.69,1025.0,0.21,,,,,,,,,15408.0,3.1,497025.0
Edo,2011,South-South,53.68,ACN,PDP,283,542173.0,87.99,17795.0,2.89,,,,,,,,,56216.0,9.12,616184.0
Ekiti,2011,South-West,53.68,ACN,PDP,283,185009.0,60.43,2689.0,0.88,,,,,,,,,118470.0,38.69,306168.0
Enugu,2011,South-East,53.68,PDP,PDP,283,802144.0,98.94,3753.0,0.46,,,,,,,,,4866.0,0.6,810763.0
FCT,2011,North-Central,53.68,PDP,PDP,283,253444.0,64.9,131576.0,33.69,,,,,,,,,5497.0,1.41,390517.0
Gombe,2011,North-East,53.68,PDP,PDP,283,290376.0,36.76,495898.0,62.79,,,,,,,,,3556.0,0.45,789830.0
Imo,2011,South-East,53.68,APGA,PDP,283,1381357.0,98.22,7591.0,0.54,,,,,,,,,17411.0,1.24,1406359.0
Jigawa,2011,North-West,53.68,PDP,PDP,283,491252.0,41.62,663994.0,56.26,,,,,,,,,25029.0,2.12,1180275.0
Kaduna,2011,North-West,53.68,PDP,PDP,283,1190179.0,46.62,1334244.0,52.26,,,,,,,,,28579.0,1.12,2553002.0
Kano,2011,North-West,53.68,PDP,PDP,283,440666.0,16.73,1624543.0,61.68,,,,,,,,,568663.0,21.59,2633872.0
Katsina,2011,North-West,53.68,PDP,PDP,283,428392.0,26.61,1163919.0,72.31,,,,,,,,,17287.0,1.07,1609598.0
Kebbi,2011,North-West,53.68,PDP,PDP,283,369198.0,41.02,501453.0,55.71,,,,,,,,,29469.0,3.27,900120.0
Kogi,2011,North-Central,53.68,PDP,PDP,283,399816.0,72.04,132201.0,23.82,,,,,,,,,23007.0,4.15,555024.0
Kwara,2011,North-Central,53.68,PDP,PDP,283,268243.0,66.08,83603.0,20.59,,,,,,,,,54104.0,13.33,405950.0
Lagos,2011,South-West,53.68,ACN,PDP,283,1281688.0,67.18,189983.0,9.96,,,,,,,,,436144.0,22.86,1907815.0
Nasarawa,2011,North-Central,53.68,CPC,PDP,283,408997.0,59.31,278390.0,40.37,,,,,,,,,2251.0,0.33,689638.0
Niger,2011,North-Central,53.68,PDP,PDP,283,321429.0,32.32,652574.0,65.62,,,,,,,,,20482.0,2.06,994485.0
Ogun,2011,South-West,53.68,ACN,PDP,283,309177.0,58.41,17654.0,3.34,,,,,,,,,202524.0,38.26,529355.0
Ondo,2011,South-West,53.68,LP,PDP,283,387376.0,80.66,11890.0,2.48,,,,,,,,,81004.0,16.87,480270.0
Osun,2011,South-West,53.68,ACN,PDP,283,188409.0,37.78,6997.0,1.4,,,,,,,,,303328.0,60.82,498734.0
Oyo,2011,South-West,53.68,ACN,PDP,283,484758.0,57.95,92396.0,11.04,,,,,,,,,259396.0,31.01,836550.0
Plateau,2011,North-Central,53.68,PDP,PDP,283,1029865.0,73.47,356551.0,25.43,,,,,,,,,15416.0,1.1,1401832.0
Rivers,2011,South-South,53.68,PDP,PDP,283,1817762.0,98.33,13182.0,0.71,,,,,,,,,17631.0,0.95,1848575.0
Sokoto,2011,North-West,53.68,PDP,PDP,283,309057.0,35.32,540769.0,61.8,,,,,,,,,25207.0,2.88,875033.0
Taraba,2011,North-East,53.68,PDP,PDP,283,451354.0,61.97,257986.0,35.42,,,,,,,,,18994.0,2.61,728334.0
Yobe,2011,North-East,53.68,ANPP,PDP,283,117128.0,19.39,337537.0,55.89,,,,,,,,,149248.0,24.71,603913.0
Zamfara,2011,North-West,53.68,ANPP,PDP,283,238180.0,25.69,624515.0,67.35,,,,,,,,,64524.0,6.96,927219.0
Abia,2015,South-East,43.65,PDP,PDP,1216,368303.0,94.18,13394.0,3.43,,,,,,,,,9348.0,2.39,391045.0
Adamawa,2015,North-East,43.65,APC,PDP,1216,251664.0,39.57,374701.0,58.91,,,,,,,,,9653.0,1.52,636018.0
Akwa Ibom,2015,South-South,43.65,PDP,PDP,1216,953304.0,93.73,58411.0,5.74,,,,,,,,,5349.0,0.53,1017064.0
Anambra,2015,South-East,43.65,APGA,PDP,1216,660762.0,95.96,17926.0,2.6,,,,,,,,,9896.0,1.44,688584.0
Bauchi,2015,North-East,43.65,PDP,PDP,1216,86085.0,8.44,931598.0,91.3,,,,,,,,,2655.0,0.26,1020338.0
Bayelsa,2015,South-South,43.65,PDP,PDP,1216,361209.0,98.4,5194.0,1.42,,,,,,,,,664.0,0.18,367067.0
Benue,2015,North-Central,43.65,PDP,PDP,1216,303737.0,44.45,373961.0,54.73,,,,,,,,,5566.0,0.81,683264.0
Borno,2015,North-East,43.65,APC,PDP,1216,25640.0,5.11,473543.0,94.35,,,,,,,,,2737.0,0.55,501920.0
Cross River,2015,South-South,43.65,PDP,PDP,1216,414863.0,92.09,28368.0,6.3,,,,,,,,,7283.0,1.62,450514.0
Delta,2015,South-South,43.65,PDP,PDP,1216,1211405.0,95.55,48910.0,3.86,,,,,,,,,7458.0,0.59,1267773.0
Ebonyi,2015,South-East,43.65,PDP,PDP,1216,323653.0,88.94,19518.0,5.36,,,,,,,,,20717.0,5.69,363888.0
Edo,2015,South-South,43.65,APC,PDP,1216,286869.0,57.32,208469.0,41.66,,,,,,,,,5113.0,1.02,500451.0
Ekiti,2015,South-West,43.65,PDP,PDP,1216,176466.0,58.69,120331.0,40.02,,,,,,,,,3894.0,1.3,300691.0
Enugu,2015,South-East,43.65,PDP,PDP,1216,553003.0,96.48,14157.0,2.47,,,,,,,,,6013.0,1.05,573173.0
FCT,2015,North-Central,43.65,PDP,PDP,1216,157195.0,51.24,146399.0,47.72,,,,,,,,,3211.0,1.05,306805.0
Gombe,2015,North-East,43.65,PDP,PDP,1216,96873.0,21.03,361245.0,78.43,,,,,,,,,2481.0,0.54,460599.0
Imo,2015,South-East,43.65,APC,PDP,1216,559185.0,79.55,133253.0,18.96,,,,,,,,,10526.0,1.5,702964.0
Jigawa,2015,North-West,43.65,PDP,PDP,1216,142904.0,13.77,885988.0,85.39,,,,,,,,,8672.0,0.84,1037564.0
Kaduna,2015,North-West,43.65,PDP,PDP,1216,484085.0,29.93,1127760.0,69.72,,,,,,,,,5637.0,0.35,1617482.0
Kano,2015,North-West,43.65,APC,PDP,1216,215779.0,10.14,1903999.0,89.44,,,,,,,,,9043.0,0.42,2128821.0
Katsina,2015,North-West,43.65,PDP,PDP,1216,98937.0,6.83,1345441.0,92.83,,,,,,,,,5048.0,0.35,1449426.0
Kebbi,2015,North-West,43.65,PDP,PDP,1216,100972.0,14.91,567883.0,83.88,,,,,,,,,8148.0,1.2,677003.0
Kogi,2015,North-Central,43.65,PDP,PDP,1216,149987.0,35.6,264851.0,62.86,,,,,,,,,6490.0,1.54,421328.0
Kwara,2015,North-Central,43.65,APC,PDP,1216,132602.0,30.13,302146.0,68.66,,,,,,,,,5332.0,1.21,440080.0
Lagos,2015,South-West,43.65,APC,PDP,1216,632327.0,43.8,792460.0,54.89,,,,,,,,,18899.0,1.31,1443686.0
Nasarawa,2015,North-Central,43.65,APC,PDP,1216,273460.0,53.46,236838.0,46.3,,,,,,,,,1249.0,0.24,511547.0
Niger,2015,North-Central,43.65,PDP,PDP,1216,149222.0,18.34,657678.0,80.83,,,,,,,,,6771.0,0.83,813671.0
Ogun,2015,South-West,43.65,APC,PDP,1216,207950.0,39.0,308290.0,57.82,,,,,,,,,16932.0,3.18,533172.0
Ondo,2015,South-West,43.65,LP,PDP,1216,251368.0,44.8,299889.0,53.45,,,,,,,,,9799.0,1.75,561056.0
Osun,2015,South-West,43.65,APC,PDP,1216,249929.0,38.89,383603.0,59.69,,,,,,,,,9083.0,1.41,642615.0
Oyo,2015,South-West,43.65,APC,PDP,1216,303376.0,34.42,528620.0,59.98,,,,,,,,,49356.0,5.6,881352.0
Plateau,2015,North-Central,43.65,PDP,PDP,1216,549615.0,55.95,429140.0,43.68,,,,,,,,,3633.0,0.37,982388.0
Rivers,2015,South-South,43.65,APC,PDP,1216,1487075.0,94.99,69238.0,4.42,,,,,,,,,9148.0,0.58,1565461.0
Sokoto,2015,North-West,43.65,APC,PDP,1216,152199.0,18.24,671926.0,80.54,,,,,,,,,10134.0,1.21,834259.0
Taraba,2015,North-East,43.65,PDP,PDP,1216,310800.0,53.62,261326.0,45.08,,,,,,,,,7551.0,1.3,579677.0
Yobe,2015,North-East,43.65,APC,PDP,1216,25526.0,5.39,446265.0,94.19,,,,,,,,,2005.0,0.42,473796.0
Zamfara,2015,North-West,43.65,APC,PDP,1216,144833.0,19.03,612202.0,80.44,,,,,,,,,3987.0,0.52,761022.0
Abia,2019,South-East,34.75,PDP,APC,820,,,85058.0,26.31%,219698.0,67.96%,,,,,,,7072.0,2.19%,323291.0
Adamawa,2019,North-East,34.75,APC,APC,820,,,378078.0,46.59%,410266.0,50.55%,,,,,,,15372.0,1.89%,811534.0
Akwa Ibom,2019,South-South,34.75,PDP,APC,820,,,175429.0,30.31%,395832.0,68.39%,,,,,,,5321.0,0.92%,578775.0
Anambra,2019,South-East,34.75,APGA,APC,820,,,33298.0,5.50%,524738.0,86.63%,,,,,,,13063.0,2.16%,605734.0
Bauchi,2019,North-East,34.75,APC,APC,820,,,798428.0,77.95%,209313.0,20.43%,,,,,,,14017.0,1.37%,1024307.0
Bayelsa,2019,South-South,34.75,PDP,APC,820,,,118821.0,36.93%,197933.0,61.51%,,,,,,,2298.0,0.71%,321767.0
Benue,2019,North-Central,34.75,PDP,APC,820,,,347668.0,47.70%,356817.0,48.95%,,,,,,,16498.0,2.26%,728912.0
Borno,2019,North-East,34.75,APC,APC,820,,,836496.0,90.94%,71788.0,7.80%,,,,,,,9451.0,1.03%,919786.0
Cross River,2019,South-South,34.75,PDP,APC,820,,,117302.0,27.80%,295737.0,70.10%,,,,,,,6460.0,1.53%,421901.0
Delta,2019,South-South,34.75,PDP,APC,820,,,221292.0,26.67%,594068.0,71.59%,,,,,,,10429.0,1.26%,829762.0
Ebonyi,2019,South-East,34.75,PDP,APC,820,,,90726.0,25.26%,258573.0,72.00%,,,,,,,7760.0,2.16%,359131.0
Edo,2019,South-South,34.75,APC,APC,820,,,267842.0,47.77%,275691.0,49.17%,,,,,,,12659.0,2.26%,560711.0
Ekiti,2019,South-West,34.75,APC,APC,820,,,219231.0,57.52%,154032.0,40.41%,,,,,,,5125.0,1.34%,381132.0
Enugu,2019,South-East,34.75,PDP,APC,820,,,54423.0,12.93%,355553.0,84.45%,,,,,,,6735.0,1.60%,421014.0
FCT,2019,North-Central,34.75,APC,APC,820,,,152224.0,35.91%,259997.0,61.33%,,,,,,,8308.0,1.96%,423951.0
Gombe,2019,North-East,34.75,PDP,APC,820,,,402961.0,72.71%,138484.0,24.99%,,,,,,,10707.0,1.93%,554203.0
Imo,2019,South-East,34.75,APC,APC,820,,,140463.0,27.46%,334923.0,65.47%,,,,,,,19896.0,3.89%,511586.0
Jigawa,2019,North-West,34.75,APC,APC,820,,,794738.0,71.84%,289895.0,26.21%,,,,,,,18449.0,1.67%,1106244.0
Kaduna,2019,North-West,34.75,APC,APC,820,,,993445.0,59.72%,649612.0,39.05%,,,,,,,15212.0,0.91%,1663603.0
Kano,2019,North-West,34.75,APC,APC,820,,,1464768.0,77.45%,391593.0,20.71%,,,,,,,30065.0,1.59%,1891134.0
Katsina,2019,North-West,34.75,APC,APC,820,,,1232133.0,79.21%,308056.0,19.80%,,,,,,,12317.0,0.79%,1555473.0
Kebbi,2019,North-West,34.75,APC,APC,820,,,581552.0,76.86%,154282.0,20.39%,,,,,,,18464.0,2.44%,756605.0
Kogi,2019,North-Central,34.75,APC,APC,820,,,285894.0,54.87%,218207.0,41.88%,,,,,,,10021.0,1.92%,521016.0
Kwara,2019,North-Central,34.75,PDP,APC,820,,,308984.0,67.22%,138184.0,30.06%,,,,,,,9855.0,2.14%,459676.0
Lagos,2019,South-West,34.75,APC,APC,820,,,580825.0,53.31%,448015.0,41.12%,,,,,,,48855.0,4.48%,1089567.0
Nasarawa,2019,North-Central,34.75,APC,APC,820,,,289903.0,49.92%,283847.0,48.87%,,,,,,,3298.0,0.57%,580778.0
Niger,2019,North-Central,34.75,APC,APC,820,,,612371.0,71.88%,218052.0,25.59%,,,,,,,17682.0,2.08%,851937.0
Ogun,2019,South-West,34.75,APC,APC,820,,,281762.0,49.94%,194655.0,34.50%,,,,,,,58771.0,10.42%,564256.0
Ondo,2019,South-West,34.75,APC,APC,820,,,241769.0,43.48%,275901.0,49.62%,,,,,,,27109.0,4.88%,555994.0
Osun,2019,South-West,34.75,APC,APC,820,,,347634.0,48.64%,337377.0,47.21%,,,,,,,23185.0,3.24%,714682.0
Oyo,2019,South-West,34.75,APC,APC,820,,,365229.0,43.66%,366690.0,43.83%,,,,,,,58233.0,6.96%,836531.0
Plateau,2019,North-Central,34.75,APC,APC,820,,,468555.0,45.28%,548665.0,53.02%,,,,,,,12607.0,1.22%,1034853.0
Rivers,2019,South-South,34.75,PDP,APC,820,,,150710.0,23.47%,473971.0,73.81%,,,,,,,13319.0,2.07%,642165.0
Sokoto,2019,North-West,34.75,PDP,APC,820,,,490333.0,56.24%,361604.0,41.47%,,,,,,,16680.0,1.91%,871891.0
Taraba,2019,North-East,34.75,PDP,APC,820,,,324906.0,45.58%,374743.0,52.57%,,,,,,,11625.0,1.63%,712877.0
Yobe,2019,North-East,34.75,APC,APC,820,,,497914.0,89.01%,50763.0,9.08%,,,,,,,8193.0,1.46%,559365.0
Zamfara,2019,North-West,34.75,APC,APC,820,,,438682.0,75.84%,125423.0,21.68%,,,,,,,12636.0,2.18%,578439.0
Abia,2023,South-East,18.0,PDP,APC,751,,,,,22676.0,6.13%,8914.0,2.41%,327095.0,88.40%,1239.0,0.33%,10113.0,2.73%,370037.0
Adamawa,2023,North-East,34.67,PDP,APC,751,,,,,417611.0,57.12%,182881.0,25.01%,105648.0,14.45%,8006.0,1.10%,16994.0,2.32%,731140.0
Akwa Ibom,2023,South-South,24.92,PDP,APC,751,,,,,214012.0,38.55%,160620.0,28.94%,132683.0,23.90%,7796.0,1.41%,39978.0,7.20%,555089.0
Anambra,2023,South-East,24.63,APGA,APC,751,,,,,9036.0,1.47%,5111.0,0.83%,584621.0,95.24%,1967.0,0.32%,13126.0,2.14%,613861.0
Bauchi,2023,North-East,31.1,PDP,APC,751,,,,,426607.0,49.98%,316694.0,37.10%,27373.0,3.21%,72103.0,8.45%,10739.0,1.26%,853516.0
Bayelsa,2023,South-South,16.38,PDP,APC,751,,,,,68818.0,41.62%,42572.0,25.75%,49975.0,30.23%,540.0,0.33%,3420.0,2.07%,165325.0
Benue,2023,North-Central,28.72,PDP,APC,751,,,,,130081.0,16.89%,310468.0,40.32%,308372.0,40.04%,4740.0,0.62%,16414.0,2.13%,770075.0
Borno,2023,North-East,19.94,APC,APC,751,,,,,190921.0,41.03%,252282.0,54.22%,7205.0,1.55%,4626.0,0.99%,10253.0,2.20%,465287.0
Cross River,2023,South-South,26.1,APC,APC,751,,,,,95425.0,22.89%,130520.0,31.30%,179917.0,43.15%,1644.0,0.39%,9462.0,2.27%,416968.0
Delta,2023,South-South,20.32,PDP,APC,751,,,,,161600.0,26.26%,90183.0,14.66%,341866.0,55.55%,3122.0,0.51%,18570.0,3.02%,615341.0
Ebonyi,2023,South-East,21.58,APC,APC,751,,,,,13503.0,4.15%,42402.0,13.03%,259738.0,79.83%,1661.0,0.51%,8047.0,2.48%,325351.0
Edo,2023,South-South,24.01,APC,APC,751,,,,,89585.0,15.41%,144471.0,24.86%,331163.0,56.97%,2743.0,0.47%,13304.0,2.29%,581266.0
Ekiti,2023,South-West,31.84,APC,APC,751,,,,,89554.0,29.06%,201494.0,65.38%,11397.0,3.70%,264.0,0.09%,5462.0,1.77%,308171.0
Enugu,2023,South-East,22.19,PDP,APC,751,,,,,15749.0,3.45%,4772.0,1.05%,428640.0,93.91%,1808.0,0.40%,5455.0,1.20%,456424.0
FCT,2023,North-Central,30.48,APC,APC,751,,,,,74194.0,16.13%,90902.0,19.76%,281717.0,61.23%,4517.0,0.98%,8741.0,1.90%,460071.0
Gombe,2023,North-East,33.87,APC,APC,751,,,,,317123.0,62.17%,146977.0,28.82%,26160.0,5.13%,10520.0,2.06%,9263.0,1.82%,510043.0
Imo,2023,South-East,25.59,APC,APC,751,,,,,30004.0,6.53%,66171.0,14.41%,352904.0,76.84%,1536.0,0.33%,8646.0,1.88%,459261.0
Jigawa,2023,North-West,45.78,APC,APC,751,,,,,386587.0,42.00%,421390.0,45.78%,1889.0,0.20%,98234.0,10.67%,12431.0,1.35%,920531.0
Kaduna,2023,North-West,29.36,APC,APC,751,,,,,554360.0,40.76%,399293.0,29.36%,294494.0,21.65%,92969.0,6.83%,19037.0,1.40%,1360153.0
Kano,2023,North-West,30.4,APC,APC,751,,,,,131716.0,7.74%,517341.0,30.40%,28513.0,1.67%,997279.0,58.59%,27156.0,1.60%,1702005.0
Katsina,2023,North-West,45.56,APC,APC,751,,,,,489045.0,46.19%,482283.0,45.56%,6376.0,0.60%,69386.0,6.56%,11583.0,1.09%,1058673.0
Kebbi,2023,North-West,44.34,APC,APC,751,,,,,285175.0,50.97%,248088.0,44.34%,10682.0,1.91%,5038.0,0.90%,10539.0,1.88%,559522.0
Kogi,2023,North-Central,52.67,APC,APC,751,,,,,145104.0,31.77%,240751.0,52.70%,56217.0,12.31%,4238.0,0.93%,10480.0,2.29%,456790.0
Kwara,2023,North-Central,28.48,APC,APC,751,,,,,136909.0,29.13%,263572.0,56.08%,31186.0,6.63%,3141.0,0.67%,35203.0,7.49%,469971.0
Lagos,2023,South-West,17.41,APC,APC,751,,,,,75750.0,5.96%,572606.0,45.04%,582454.0,45.81%,8442.0,0.66%,32199.0,2.53%,1271451.0
Nasarawa,2023,North-Central,23.85,APC,APC,751,,,,,147093.0,27.21%,172922.0,31.99%,191361.0,35.40%,12715.0,2.35%,16475.0,3.05%,540566.0
Niger,2023,North-Central,21.81,APC,APC,751,,,,,284898.0,36.59%,375183.0,48.18%,80452.0,10.33%,21836.0,2.81%,16299.0,2.09%,778668.0
Ogun,2023,South-West,25.88,APC,APC,751,,,,,123831.0,21.35%,341554.0,58.88%,85829.0,14.79%,2200.0,0.38%,26710.0,4.60%,580124.0
Ondo,2023,South-West,19.61,APC,APC,751,,,,,115463.0,20.95%,369924.0,67.14%,44405.0,8.06%,930.0,0.17%,20286.0,3.68%,551008.0
Osun,2023,South-West,21.13,PDP,APC,751,,,,,354366.0,48.33%,343945.0,46.91%,23283.0,3.17%,713.0,0.10%,10896.0,1.49%,733203.0
Oyo,2023,South-West,21.61,PDP,APC,751,,,,,182977.0,22.60%,449884.0,55.58%,99110.0,12.24%,4095.0,0.51%,73419.0,9.07%,809485.0
Plateau,2023,North-Central,23.58,APC,APC,751,,,,,243808.0,22.41%,307195.0,28.23%,466272.0,42.85%,8869.0,0.81%,62026.0,5.70%,1088170.0
Rivers,2023,South-South,23.49,PDP,APC,751,,,,,88468.0,16.90%,231591.0,44.23%,175071.0,33.43%,1322.0,0.25%,27199.0,5.19%,523651.0
Sokoto,2023,North-West,21.59,PDP,APC,751,,,,,288679.0,49.19%,285444.0,48.64%,6568.0,1.12%,1300.0,0.22%,4824.0,0.82%,586815.0
Taraba,2023,North-East,22.3,PDP,APC,751,,,,,189017.0,37.85%,135165.0,27.07%,146315.0,29.30%,12818.0,2.57%,16043.0,3.21%,499358.0
Yobe,2023,North-East,20.0,APC,APC,751,,,,,196567.0,52.47%,151459.0,40.03%,2406.0,0.64%,18270.0,4.83%,7695.0,2.03%,378397.0
Zamfara,2023,North-West,23.1,APC,APC,751,,,,,193978.0,38.57%,298396.0,59.33%,1660.0,0.33%,4044.0,0.81%,4845.0,0.96%,502923.0
